{"EditorX":-1360.229496460333,"EditorY":-588.4699809627908,"EditorZ":0.5435883014623174,"Nodes":[{"NodeID":0,"X":-562.6666666666667,"Y":-34.16666666666663,"ShowUnusedSockets":true},{"NodeID":1,"X":353.3333333333332,"Y":-43.83333333333336,"ShowUnusedSockets":true},{"NodeID":6,"X":-330.66666666666674,"Y":-111.5,"ShowUnusedSockets":true},{"NodeID":7,"X":11.333333333333258,"Y":-111.5,"ShowUnusedSockets":true}]}